Model,Approach,Score,level,a11,a12,a13,b1,a21,a22,a23,b2,a31,a32,a33,b3,a11,a12,a13,b1,a21,a22,a23,b2,a31,a32,a33,b3,a11,a12,a13,b1,a21,a22,a23,b2,a31,a32,a33,b3,a11,a12,a13,b1,a21,a22,a23,b2,a31,a32,a33,b3,a11,a12,a13,b1,a21,a22,a23,b2,a31,a32,a33,b3,a11,a12,a13,b1,a21,a22,a23,b2,a31,a32,a33,b3,a11,a12,a13,b1,a21,a22,a23,b2,a31,a32,a33,b3,a11,a12,a13,b1,a21,a22,a23,b2,a31,a32,a33,b3,a11,a12,a13,b1,a21,a22,a23,b2,a31,a32,a33,b3,a11,a12,a13,b1,a21,a22,a23,b2,a31,a32,a33,b3
Binomial,RS,0.9,Technical,0.29272274037613544,0.45951513219455936,0.41305730996791645,0.3621771468938585,0.3420973892876892,0.415819664340467,0.4224048016867252,0.34499703126661957,0.340375880416875,0.44119159877215797,0.37855858964852585,0.3390264253625953,0.28435601810828354,0.4404147236537756,0.4188551599235713,0.37476590058144793,0.3584102147500932,0.389109312452959,0.4260538332401051,0.3374135148537837,0.359049035794271,0.4364606217860245,0.3674963719661581,0.3365500073629318,0.3223497271947361,0.4298658124971992,0.4030866790315877,0.36548551872761215,0.3540296987096491,0.38784703948625904,0.42929193950199396,0.3568672798922696,0.3313886038819369,0.421059378277737,0.37484849627671474,0.3639753834654427,0.3049791577088875,0.43662353005207877,0.4039256328599236,0.37969932506180326,0.3338478794188624,0.3730075663036517,0.4792432667040359,0.34077749305489385,0.33434035709667764,0.44095837622461703,0.36475822182528744,0.36620886670898917,0.2880601702662934,0.4597090279598283,0.4105987716168451,0.3612821051567715,0.3841696335316468,0.42243088154480113,0.41179676879721316,0.332058221013957,0.3548374994809899,0.42273601728622595,0.37977087194663434,0.342830389047309,0.325059019116664,0.47009350057619503,0.38738250431712706,0.3628168593657032,0.3768428550976968,0.38728661864448233,0.40322837117140375,0.35309036114033615,0.30603849493778107,0.4302456770752895,0.3704893285646095,0.3704081157028301,0.29844267682315784,0.4526560726084133,0.4092256496584315,0.36387877635937443,0.34286182341943033,0.41033489823011327,0.4276781567651466,0.3515486446304264,0.3414137374055836,0.43535339951145685,0.3687849175203228,0.34538593368620263,0.29936817082962475,0.43810219484284507,0.398811588312688,0.37797989226490963,0.3128537912752892,0.3722517344994667,0.4598651955103645,0.3663613040956479,0.346222974794928,0.42310317862800123,0.3851833612504286,0.3196935941468576,0.3213865465329749,0.43641773111835214,0.41921099339955725,0.35766823126318864,0.3648684139540459,0.39503447532802777,0.4056439577730556,0.3543351210391691,0.3200500167305305,0.42792265186808814,0.3808916085741492,0.3767359582678969,0.3006164661126502,0.45885459628854847,0.4035140900065315,0.3721806189334117,0.330651150785445,0.3844109702863311,0.4382303067235489,0.3451966035324559,0.34023560600969194,0.4417097246093693,0.39722417525130105,0.3184141687345484
Binomial,RS,0.8,Technical,0.33780955674937463,0.4338767148571569,0.37913862375686275,0.3119707281867669,0.32721577200900354,0.3961833466005099,0.3677401325358252,0.35163587117660855,0.36498813517067263,0.42788746254530013,0.33625111305458066,0.30104251979524277,0.32059270036254,0.4151394560155989,0.3803761405516996,0.33901253654404256,0.33191865173025265,0.3998792196833036,0.36499721175823185,0.3342106533855304,0.3811394936578076,0.4119995846383889,0.3501469056817576,0.2869111860617743,0.338860496557651,0.42243766551675543,0.370564932180354,0.3262164334600926,0.3363587174658054,0.39804983120549803,0.3751493611907165,0.32799117496807784,0.3624195919009412,0.3973561614652731,0.3503530194298594,0.31478296981882564,0.3446747001527744,0.4140585870033574,0.35421539615768416,0.34463714285003044,0.3359246790398824,0.3922834557419703,0.3768856041200001,0.33856793949867114,0.37244025574836165,0.4030065823596902,0.3524879868633345,0.311396222502567,0.32709159210746636,0.42925166514178054,0.37387138571196715,0.32670427021947934,0.3479160840377281,0.4173988092643941,0.37944864968967934,0.32895301861123855,0.36212065106921243,0.38189323447152557,0.36014151865368765,0.32070384003728974,0.36727354013034874,0.4285456342713162,0.3648977882321532,0.3160410795595091,0.3492319292120698,0.37486814851847516,0.3672160879070121,0.3437331158943459,0.3471081877055635,0.40344071734835363,0.35245733873921087,0.31373496963081915,0.333001114053701,0.43494388549368235,0.36711000415931616,0.3248131332003713,0.32689180619650726,0.40472902840265723,0.38829009164747147,0.32692023735475595,0.3861859332623687,0.41513997241080586,0.3212383432740929,0.29391826596104303,0.32623859456932247,0.427234923089895,0.3585028425201747,0.3391057765522344,0.32450806133101023,0.36291350949019147,0.3873780105323168,0.3736773436561784,0.37606848267427184,0.4019728401992128,0.33073859372326603,0.3070417368984719,0.35488486756751897,0.41563367903644854,0.3769353942238153,0.3206614918071946,0.34120166056897494,0.39008905031262003,0.3790045842635757,0.32433169867134054,0.37573752759244083,0.40928504825786177,0.3394652578983479,0.3084365957187067,0.33704081021019155,0.42996964364807605,0.3762860718255282,0.3236392915014562,0.3462294566825954,0.3516959994859944,0.38549026284453136,0.33667387283770644,0.36450285586876185,0.4055891565295911,0.3735005925772114,0.28696178947401557
Binomial,RS,0.7,Technical,0.3533995968428925,0.40609427699518874,0.3142634546286277,0.2772697697627648,0.37619604239469817,0.3667122802062436,0.3606344677542822,0.2555149042515835,0.40426657697918544,0.3517200428932985,0.2945534288502986,0.27546530320732465,0.3505158153250126,0.39228021515114114,0.33186009974299663,0.2840501511762878,0.3718192240094318,0.3469812436901384,0.362571542614544,0.2700846923382874,0.4286503359721111,0.3484453330526034,0.29336756830947186,0.26772358966114174,0.36293046969532267,0.39522501191605985,0.3214180987883469,0.26924898289400007,0.35904310851092935,0.3523111988594205,0.37766403599778336,0.26365575507410666,0.39386385562501414,0.3279113777583032,0.29995304432636083,0.30924944403212595,0.3449989206899858,0.39623073358874417,0.32005633912980985,0.2875220633388059,0.3451620711262793,0.3632303486300468,0.37244439884304376,0.2841910461554003,0.39870388004058577,0.33273459839808844,0.3084880418967869,0.3030604197126853,0.35045633608927446,0.40979991732036947,0.3210351886720831,0.26556362203401707,0.368524680882165,0.384732842369539,0.3708277874410351,0.2454308370527999,0.4207130959771579,0.33532391664000893,0.28790513556512914,0.28270744628811184,0.36604166074050254,0.4005692243777168,0.32032563571636313,0.26723370713131245,0.3872189597852874,0.35494356863973753,0.3400642245161648,0.2759052813575822,0.39864155682097524,0.32372008515787315,0.30723084555616487,0.290020262864372,0.3519467520382195,0.40874665767059853,0.3190260884423418,0.2724409589184276,0.3408365394154715,0.3797051422108275,0.38699958216856023,0.2501868262520398,0.40071889376398917,0.329059878114392,0.28601373746167763,0.305447277148786,0.3520500009143797,0.4021611767948082,0.30757486632310393,0.28231850317631985,0.3583838529847156,0.3433455024266056,0.3785548418915948,0.2905108098703186,0.38097299093060666,0.3552731943956901,0.27017096036183225,0.3186328619391383,0.3638457772551447,0.39833313579929447,0.32971098025260376,0.264634179655005,0.3745907597712769,0.35458908330744293,0.3676899473445014,0.25749201438623015,0.4169791758646268,0.319784755474624,0.2874899360896894,0.30498059377833814,0.3578305952862652,0.3979704671403344,0.3209222151869954,0.28071090602223614,0.3889967121006975,0.30832217613822444,0.3759716059190228,0.267932360832706,0.39861723393067305,0.3310874217430395,0.3220931821029992,0.2837859335721209
Binomial,RS,0.6,Technical,0.3545293308027175,0.41183277699892185,0.3049002948479573,0.2452153532194931,0.3816301158859626,0.33792199019942937,0.35624478976441093,0.25816218156008713,0.39393095232769787,0.32065423341291716,0.2948884569032805,0.2847162376483066,0.33820589501426507,0.3982459597050088,0.3177631552207268,0.27462247418824337,0.3751354665274699,0.3491679493429651,0.39273226405170253,0.2114631081813695,0.37459068867625456,0.36896332243837254,0.2963082614531507,0.27148877018904055,0.3526281712220256,0.4023489022271289,0.30804114999204224,0.25193381447855084,0.3660086542609089,0.34104921190338283,0.3805661541832126,0.2438269583614073,0.3679846614985761,0.3266747001231718,0.294609739730631,0.3056838703768717,0.3456001394865378,0.38959346527033556,0.3065572643661048,0.2746310464477307,0.361846664657807,0.34277654887347897,0.38987372831540196,0.24352976271202106,0.37591215678579804,0.31084685029479836,0.31238097430851575,0.3080436533346907,0.3454101377085839,0.409101106910497,0.30493274040123414,0.2557683347145955,0.40117735257263176,0.34777159193510615,0.37897289189608885,0.22199224718373087,0.3703141845615507,0.3226796342874887,0.3045912342224431,0.3037811079407427,0.34642957992119544,0.40884346992195963,0.30263633240608134,0.2580918436242925,0.40336908959258044,0.3410624226891093,0.3497175899552106,0.24172250618075838,0.388651180853707,0.30289704854847366,0.30518263845638316,0.2871821793442732,0.3475139294989749,0.4098657624113186,0.2991561595383943,0.2597012190745328,0.3754278915481249,0.35517946577531606,0.35678482567224545,0.2527188700699807,0.3703051999290346,0.34095168336143133,0.2880919168484129,0.2907971234219365,0.34787336716892225,0.40100391896362797,0.2863862703989698,0.27579207419819235,0.3659009400737769,0.3314438947522771,0.378370145123909,0.2711247895004955,0.38370160255515634,0.32247624311824213,0.2794796416228541,0.30519139133209383,0.3558060761345101,0.40179838620124225,0.314270231625296,0.24988637684118803,0.3798460683090697,0.3347203247534919,0.3624920289066444,0.257911018157049,0.399306551990237,0.29504784302748405,0.29989311842314037,0.3038465040492939,0.33868181039416684,0.41339516670758564,0.30625071757073247,0.2641021083418528,0.3966310060607206,0.29465424285241565,0.3774057787375715,0.24829139650452475,0.3916891456397241,0.3043356840322802,0.31678597867425085,0.29275843508996224
Binomial,PE,0.9,Technical,-0.9853782855762384,1.4443756220352795,0.8565029783818173,0.40888013299967346,-0.5515856734153852,1.0152096786768057,0.8346952812534053,0.4806285494630332,-0.43012211030785097,0.8871548576250624,0.6701834175012226,0.607756392417645,-1.0996816787405665,1.487621990837934,0.8554227987377998,0.4907211832640176,-0.5733571876175192,1.0280321936120305,0.8765481518560597,0.43539543755942844,-0.44971280570832106,0.9123018944300292,0.6476238826610354,0.6315528876954652,-0.957974583990823,1.424682177513792,0.8097196429435457,0.4504579270406359,-0.6011243728952633,1.0360581062106016,0.897267976164052,0.44363236186853094,-0.48771454307418,0.8551214301842782,0.674734903632996,0.6930073505557102,-0.8865124852837807,1.3220648068276126,0.7803400394118403,0.5109487191100394,-0.655578566443324,1.0119745948086158,0.938124883139809,0.4845953037217123,-0.5330080073282139,0.8798749234499375,0.7120432883605178,0.6908338557218646,-0.9129194779255834,1.3778123472293773,0.8439613495898549,0.4121009017351321,-0.5545909449710145,1.034331595045936,0.8857556137172917,0.4209482376242152,-0.4369240618507703,0.8280595368117256,0.6951779843703688,0.6477122445914493,-0.8310313258276286,1.3725585896430068,0.7504331872055942,0.4461919408949974,-0.5150129201381503,1.005336227872122,0.8267527014424421,0.4581285619712096,-0.44396849922754134,0.8313919839538619,0.6510916712917038,0.6791314937604512,-0.9763921896378628,1.4342156335523748,0.8299643572822952,0.4386165322165813,-0.7492978654779872,1.1722058483431317,0.8921246406568755,0.4744365847215177,-0.4557278411623164,0.8723896994322342,0.65503283817438,0.656234731171715,-0.9585022407098618,1.4210215980699585,0.7764540683874668,0.48099418577020053,-0.7279228880585864,1.0689285558241766,0.993594918439416,0.44387692454383115,-0.38930797532528494,0.7965376619990427,0.7208804215972231,0.5828192963404615,-0.861936945111825,1.3288172444218684,0.818041147139692,0.450144791703794,-0.5760848729138489,1.0411361954374803,0.8660073226664262,0.4379852250686231,-0.5275150063374643,0.9084431739359572,0.6043294983922016,0.7687294261677805,-0.9599701442765309,1.4253217755587748,0.8016673946492402,0.4655352841364522,-0.5492349574784073,0.9573811719088086,0.9019617152453389,0.4401781100184106,-0.44205725820179925,0.8354320172878307,0.7370742971242521,0.6132170182919531
Binomial,PE,0.8,Technical,-0.6839384928549019,1.1684191329428455,0.8595843075515436,0.32207637009461393,-0.4620623937928361,0.9687266981263638,0.7432484063521643,0.471797406011654,-0.24309466984305725,0.737718359848336,0.7052989861993347,0.4717317896305711,-0.7846996522083319,1.1952732798706796,0.8739591346164435,0.3955059428881812,-0.5020195524655098,1.0119883730477084,0.7968994375130639,0.4021515812277797,-0.19995551868232045,0.7450516082296166,0.6926397790734318,0.43642255485262704,-0.630208194317485,1.1257787546526408,0.8035261122440814,0.36787505470616677,-0.5108738413037681,0.9827610056511502,0.806743324402592,0.43807207220370464,-0.2851219747570235,0.719200841252165,0.6729633834558418,0.5651830225069061,-0.6220031440840735,1.0891547758205458,0.7392195175717697,0.46375551218512634,-0.5637979197609082,0.9824974002434713,0.8401240739674847,0.4670919724204754,-0.29191098001660615,0.6954682722326719,0.728902499235037,0.5542858985873185,-0.6422128297733486,1.1320708377076893,0.8135627290748728,0.3601846638055356,-0.46251251994383097,1.0008310354085166,0.8024834423950006,0.39113672487721896,-0.2450534977900916,0.6821026164606769,0.7059618511803267,0.5285574418046033,-0.5664098216867083,1.132458349837204,0.7631382312005551,0.34747605493031636,-0.4219749758149026,0.9607789343143099,0.7092508730559975,0.4728631977179573,-0.23486463598888283,0.6757589675185475,0.7068894261499703,0.5093116664168311,-0.6713654512476365,1.1558483133373731,0.8213935824832712,0.3623567563262715,-0.6249968933501876,1.1066763597856315,0.8031771344186969,0.45214690949804714,-0.24843123724902863,0.7151359086973579,0.6733756323203488,0.5232963669495186,-0.6514042097645445,1.1419137061860574,0.7606002042835311,0.410575180537406,-0.6027523743575876,0.9773632878999203,0.8789160227886991,0.48065801188641694,-0.2709565933418388,0.7283376195397934,0.6407316182835127,0.559972213099142,-0.5510670244652985,1.0470139549076476,0.8151363423296879,0.36191623995107075,-0.48518485376279746,0.997349936176047,0.7742380286826684,0.4260818591378804,-0.30258976159368656,0.7415499037987593,0.6338631135305258,0.6098657096095963,-0.639933728736349,1.1298408501565598,0.7933639376712837,0.3893921766546331,-0.4091034680102869,0.8574969919686989,0.7770595901088378,0.4654845313990457,-0.22253192705963526,0.6859869476951503,0.7514966780061387,0.4624391636940763
Binomial,PE,0.7,Technical,-0.5274164687418824,1.0470580822558153,0.7370649326067703,0.31101131950444566,-0.3079054049122595,0.8024480670128264,0.7597021953645742,0.3603772324524721,-0.013865729594161602,0.4734379961266968,0.6596389250158817,0.4517368628992742,-0.6013770207619655,1.0683277595948724,0.7593668807901968,0.36529230485791914,-0.2926148451661397,0.831289068726934,0.777080071914907,0.2856543046198709,0.015122219829617164,0.5083205112358384,0.6547829091054678,0.4004606809992463,-0.5060526520977568,1.0355437340410891,0.7053239316412302,0.3316912052592708,-0.3573273097743278,0.8103210595855842,0.8160748785171663,0.3377279119648313,-0.042443694934811205,0.461814141159394,0.6347140001611147,0.520117347984807,-0.5099447361231191,0.9853292654636804,0.6791913365346054,0.42224156323704737,-0.42122732854377687,0.8102045033935062,0.8477243626986387,0.39091725773591485,-0.09444035134080891,0.4401246073172805,0.6669963183144767,0.581552640682198,-0.5302488595921007,1.0597938412642312,0.6978499608533772,0.3378097934022454,-0.29206180026213463,0.8040312703471353,0.8005950031239784,0.30059469517095394,0.016864676200520925,0.4203412020104666,0.650966289415482,0.48356910964074323,-0.5326537597383298,1.1201580283657238,0.6766757011026224,0.3061240737818802,-0.25422514658977907,0.7836270040643611,0.7170813175309779,0.36825514936560183,0.008458382208286484,0.4306903721916581,0.6361409676880394,0.4823427618539228,-0.5579795179373879,1.0762360379001115,0.7115005089313428,0.3409030614959786,-0.4686272170010805,0.9432485508269117,0.7978998709205318,0.3611634488788727,0.008054505797114716,0.43992687663883895,0.6220443613327337,0.4923759734893736,-0.4988984421136737,1.0256837246802148,0.6269691804814368,0.4107375458092176,-0.43717302046179324,0.8335686555081104,0.874479159377434,0.37177014621876553,-0.06721146871929423,0.4841560652916004,0.6123890915907009,0.5455476753785888,-0.42821832446326236,0.957198952397792,0.7138456471577033,0.3297080567379416,-0.34766489185898697,0.8153466969279941,0.8014206996194383,0.34098956191437185,-0.022678717917402138,0.43428401881148665,0.6212824857754178,0.5433570650979389,-0.5387151930318428,1.0583921140881303,0.6902878432630345,0.3645013476184641,-0.21818563086625867,0.6255953618743924,0.7723196014704994,0.4108729666541236,0.030922015778928575,0.41596657340306487,0.6843383968178871,0.4469401449512527
Binomial,PE,0.6,Technical,-0.5173937173589727,1.0523551229339556,0.714505750735782,0.2869729812563944,-0.3265845753211936,0.8003377178815356,0.8293517393449457,0.2832257357062313,-0.08639946974504185,0.4448948014431408,0.6981541674814667,0.4999134409199105,-0.609085999033444,1.073229761802261,0.7618554270235652,0.34269572049923397,-0.327790156753132,0.8377772558469766,0.8640209326714461,0.19888215342769486,-0.030457149038988825,0.4993130095781683,0.6751950106642886,0.416329868901091,-0.4927163851840736,1.0274544110052375,0.6849060073954347,0.31475742774846577,-0.3696417234881453,0.8077499076862442,0.8872360480437106,0.24981276909793176,-0.09950304760123949,0.4270726616272457,0.6850651270381054,0.5453751847262759,-0.5491614663163565,1.0223108785219588,0.6676275863871389,0.4085500904516813,-0.4341211307894679,0.8011002106671972,0.9145376381408297,0.31840201008538854,-0.13768881568450267,0.4047127623798898,0.7071174081851639,0.6031140139892364,-0.5519292066991798,1.0798596720444116,0.6960257761510136,0.31021326131991794,-0.24085904831412494,0.7272735206042391,0.8502108655994586,0.24433765907488952,-0.018336564782319223,0.38240033285456887,0.6797560386527592,0.507513056292968,-0.5440464584726937,1.119260896733377,0.6695255566604923,0.2907006663201902,-0.261943602990401,0.7891674954209857,0.7826865295019098,0.2758261363022048,-0.025417870795655075,0.3618848796009048,0.667564035633956,0.5315149094211782,-0.5758342263782258,1.1015731745048345,0.6899138396491967,0.3243732513273723,-0.44043591893353945,0.9295825978459126,0.828856807897932,0.28794133005512684,-0.04979282261148982,0.4142621005926551,0.6641405140366077,0.5171553013450436,-0.5087694692103384,1.0348232067163354,0.6017441443855024,0.405721532687983,-0.4684708549885886,0.8346378278626824,0.9541386052487076,0.2949314451765215,-0.13246524482709995,0.4538570033233994,0.6297376204011799,0.6078246141349012,-0.45570470247976425,0.9847624347198793,0.6989772888205845,0.31334232196054523,-0.35897607701257483,0.8217716069428379,0.8640645524738014,0.2541790448533838,-0.04040761307928398,0.3636232028116845,0.6799827491772794,0.5561695487101883,-0.5784024610872724,1.0972181860818704,0.6765889631826891,0.3481503456603287,-0.21646980540237262,0.6423575817696585,0.7948673951395299,0.3466282591197432,7.785050396408977E-4,0.37428729265026006,0.7102511408972223,0.47192080504027345
Binomial,RS,0.9,Non-technical,0.32741425375813876,0.4408424477230741,0.4111036031495666,0.3812257254044028,0.2990696864171014,0.4162927159764439,0.45883645413194313,0.42252394786676395,0.2781526528883148,0.41224009688028285,0.4101524616297749,0.4674764676207681,0.31220715032685875,0.44578446544488887,0.4109047118065768,0.3879017766091661,0.2919331187658681,0.4177567100904156,0.45786730422965516,0.4236405592388964,0.2640727423187944,0.4107982996457711,0.4097397948300504,0.466856266801428,0.2946466309553557,0.4450063094439507,0.4006498889310441,0.3997025336358389,0.2971716909121257,0.40767989312228436,0.47849288989286065,0.40761355860941423,0.2692419471354487,0.4104068125128935,0.41145028170116066,0.4630112125981701,0.3001812102510564,0.45157068830958536,0.3886748280358781,0.40017090000396166,0.30187812020644295,0.4177271736897256,0.4494288423654828,0.40966333392053816,0.2693811109018597,0.41147275846391124,0.4128573724922674,0.4724744256899777,0.29663816832645706,0.44861025961344464,0.4154672073131596,0.3880059266309302,0.30207563088507167,0.4104694258150738,0.46426040788979084,0.4196292438339208,0.2647460846163731,0.4165325672268688,0.4063172530864024,0.4685733652775664,0.30734154197258556,0.44707375527418836,0.416259609650005,0.3846228829791718,0.28529267304364686,0.4131572159744829,0.45780875894794065,0.4349854703215074,0.2795671713452182,0.41169130963553074,0.4072169698916208,0.4573819686597277,0.3138749196285293,0.4559850647809353,0.407627057835881,0.38056085502336084,0.29996070732818975,0.409639508153659,0.47052821290097924,0.4158739917293067,0.2658934324316945,0.41200049263871463,0.42644888193469255,0.4518711136365858,0.3032115106461947,0.442432131619712,0.42131721044234594,0.38482158886934065,0.30003783945247875,0.4110263847932331,0.4496296739458141,0.4255592670765151,0.26646439679558276,0.41645319143102894,0.4093105941863,0.46322748203552144,0.3150243960596746,0.4426987484505007,0.40215555214397974,0.3969028326036378,0.3025524651106491,0.41231601601599255,0.4604771907115719,0.4211106248129616,0.2679187819909248,0.4226666578249531,0.4132957680130113,0.4606382823803001,0.30071805684940683,0.4433723716745015,0.4075078782924739,0.39573008034745794,0.31257703628520117,0.40331178694738457,0.4594579642022403,0.4249656932552803,0.2668248440165755,0.4162646964251012,0.41139727160070116,0.46011732274803985
Binomial,RS,0.8,Non-technical,0.3336519297190022,0.41351906846936254,0.36467141833116035,0.332891199384128,0.31554850669177775,0.3801917452302608,0.4281594037924396,0.3720574401248165,0.318291822022577,0.3539876911767363,0.3688766901587746,0.42743623748244014,0.3211691680869028,0.420893169117985,0.3721201634846583,0.3293822640315581,0.3024025893860508,0.3839810878196299,0.4312872710419705,0.37005200561593965,0.2963858722079926,0.3569283077868511,0.36105026061039935,0.43862034258343,0.3265144041136832,0.41064469665052405,0.35451353502391414,0.3397905171636797,0.31991302191336235,0.37279761817802953,0.4429943959860925,0.3526033904064779,0.2949158524086973,0.36112460867433777,0.37515819263661504,0.42393954693794395,0.33416882744745274,0.4057047388440627,0.3521138958019854,0.3371885030196796,0.31069532300690506,0.36659635803490914,0.4285901196700343,0.37126535825927043,0.30360851361187424,0.3558362838088234,0.3640539395870516,0.4427842578705742,0.3134593333795911,0.4252765362223806,0.3630418072207716,0.33490692480511086,0.3231736611046034,0.3598258641232157,0.4389354769519727,0.37198629391868876,0.30146939350252194,0.3698526369874008,0.3603279638467311,0.42696212733432576,0.33023504756596705,0.4209710886732073,0.36471946451304754,0.32686700792761925,0.31380027531782123,0.37963740746641805,0.4269315867219925,0.3699624423131321,0.2949791063577823,0.3598808353089443,0.37122561930805426,0.42625556265550385,0.3246397939890521,0.4250970099995966,0.3633076297328116,0.33044222262526435,0.32141839378002446,0.375249029937743,0.4378081173536646,0.3572930199610811,0.2968599234212718,0.3631405946537014,0.37513771372243426,0.4207439218339833,0.3231952995104048,0.41919587136894065,0.37242191421852916,0.32551769237750977,0.3088699431571651,0.37767917953174945,0.43035433673787044,0.37202326697283356,0.30118335351581343,0.3619728472480982,0.37109832698919354,0.42459991978679723,0.3237760785636316,0.4209440942313677,0.3645614389400826,0.33464050732412526,0.3180247139597692,0.37486915938067833,0.43510855287360195,0.36822738652526027,0.2999281274941957,0.3645776344384177,0.3690872687555791,0.42702668571472663,0.32521112042759276,0.4122973558717794,0.3620596600980118,0.34322178630332106,0.33052845734345315,0.3696175712106284,0.42437788817745103,0.3753747620495893,0.29704298367467385,0.36314814246345917,0.36806421266851974,0.431117003582302
Binomial,RS,0.7,Non-technical,0.37154143907137954,0.38096139667272644,0.28285873657566335,0.2667740694235745,0.34826412737518325,0.32283330027339113,0.3739105380278432,0.3060434771697033,0.3414917396725126,0.27770959885305796,0.3217087796174627,0.3796368776080233,0.36467970296332886,0.3852902805303795,0.29295302416045416,0.2608349592645279,0.337946678425784,0.3294655440951521,0.37416896715852643,0.30257430376828814,0.33539601367725924,0.2867700789270321,0.3161651138350527,0.3769190636249806,0.3765728237061363,0.3740906550807329,0.2866006917607031,0.2638709138312632,0.3366400163145954,0.33152511597561723,0.3864865541075155,0.2896733916689158,0.33654666186334264,0.2816278924405535,0.32391956798069776,0.3735109558074421,0.3728917018208931,0.38200924760403077,0.28396023669933884,0.2567285161893678,0.3460732019319017,0.3179973096283727,0.3772988378823546,0.29492296079546537,0.3441529021097883,0.2841314615037311,0.3169623604244959,0.3778438621865705,0.3603425327148644,0.38965774819341614,0.28915152277709577,0.2637534891564132,0.34140004655629025,0.32112526313607537,0.38171596114599254,0.3018902321476182,0.33021831269707286,0.2935909639080497,0.31215155801515587,0.38409085585417446,0.3735294954419443,0.38549414661426684,0.2885529173982585,0.2559758645139353,0.3415109466350693,0.32401132921525183,0.37616729412853284,0.3043343619550523,0.33406210476663245,0.2938906564440676,0.31619093204391724,0.3704784187823164,0.3696791322940452,0.3805750080969686,0.2963293047872519,0.2603245929899162,0.3496176730740551,0.32354652660924765,0.3807775004580592,0.29450501105600296,0.32945374078495576,0.2943306986837519,0.3237396336068667,0.36799848297917825,0.37427817777795813,0.38981740073956184,0.28921457931678607,0.2504561663449277,0.33831729622700235,0.3309791397089435,0.37313422120599016,0.30014496588619716,0.3416926500254172,0.29194609437840735,0.31931352184130674,0.3659255967523395,0.3676356442581752,0.38270697238974116,0.2950171405023486,0.2616031415578733,0.348324388578684,0.3228112051967422,0.37649890104513284,0.3058028025860188,0.3368523097567289,0.2915955305859946,0.3104076526086122,0.38188678782152846,0.3677097018815692,0.38125419239048103,0.295998735524124,0.26814363095536864,0.34131415714684055,0.32386915743363504,0.38469758343910904,0.30376378086727257,0.31870742619048426,0.2922549481358276,0.3356231560161601,0.3733649072438436
Binomial,RS,0.6,Non-technical,0.37556111744100207,0.3753597031802541,0.27130089275295105,0.24282198827076443,0.3500267883741759,0.3080237506345599,0.3476469719319632,0.30531265245978284,0.3603375792360512,0.2635293169148741,0.29219015482276595,0.35882083787837493,0.3684045661496267,0.3794592019002137,0.27729879837828325,0.24087089588588803,0.3441758429150375,0.3084884563522421,0.34796785404793645,0.3037220879442249,0.35144332912780213,0.2691274449731948,0.2826296908409142,0.3672776018081881,0.374586050850862,0.36726847684010555,0.26996690431120013,0.2501964538434738,0.34670279106382457,0.30386495746713316,0.36585516297086135,0.28565730073995316,0.35510978991813674,0.26687944147982,0.2878836801690996,0.3600695242181998,0.37809990518175995,0.3724889472711369,0.2637920756825008,0.24519639758427855,0.34918313286241054,0.3072369362484873,0.3543168071002551,0.28260608169788654,0.3539778828098902,0.26216101589754026,0.2929359853272346,0.3692122384412103,0.36679363307991997,0.3844139795102797,0.27705868148738766,0.23744247062925214,0.34770756546321513,0.3034015153093299,0.35135546303511284,0.30103481158140494,0.3441260077242302,0.2793877966138437,0.28660493185981784,0.36766895815529094,0.3671908540420399,0.3888554063607509,0.2764444524405399,0.23187598248315291,0.340518054380263,0.3091485551731269,0.34626790887556436,0.3080880465611591,0.3370528666767131,0.2679772086986467,0.306656955170908,0.3590330484689393,0.37079508756672513,0.38147862250591397,0.27650391023791615,0.2420282813604881,0.34889512466186695,0.3010186814655177,0.3606972702881438,0.2948190765189039,0.3434438324261466,0.2804093240590151,0.2986432139483111,0.3481186941906151,0.36588552922256634,0.3908551528206926,0.27532582939182965,0.23193273475295162,0.346167510584751,0.31168662955654225,0.3505363520637602,0.2942856185587889,0.3514275947822884,0.271773421802608,0.29394718774401885,0.35717666424635736,0.3747143999415148,0.38063862153579286,0.2722996866143981,0.23973323088619783,0.34971637012725176,0.30400028423131276,0.3569061685938633,0.2999386798058061,0.3490426705987101,0.2696929155089242,0.2903918814054285,0.36648859265470823,0.38118280787607534,0.3744831775342831,0.2742240294134533,0.24850912170850353,0.34412107707806516,0.3071999010065309,0.358101058125803,0.30321796240774934,0.34011148287374376,0.2684633629812122,0.30292003488633373,0.3648431275089422
Binomial,PE,0.9,Non-technical,-0.5870003684372513,1.014171662570958,0.6616990505762194,0.6575029713147407,-0.6826863114490536,0.7034929114318341,0.968063546493695,0.7727864364351339,-0.5592531916500005,0.6684943015028025,0.6687966398773293,0.9415955285736685,-0.647656005214226,1.0002481962163692,0.7110627107610702,0.6799921091282041,-0.6748103051735153,0.7143386431813293,0.9684515922303593,0.7529797791121677,-0.6030833217629744,0.6648391720044833,0.68490169321614,0.9580132341885943,-0.60378678438013,0.9926871950019555,0.6350146458244922,0.709816507611664,-0.6672271162394547,0.6861144334420319,1.0222412343748828,0.7200446536588124,-0.5827885795441728,0.6657075287445403,0.6848002807777399,0.9405304101013607,-0.6037979003157226,1.0129825203700102,0.6016107231994247,0.7219109474687256,-0.6536607047653457,0.739708942357954,0.9542534585994074,0.7049914119585013,-0.5847012584494139,0.6712739013944423,0.672663501755148,0.9582454909520114,-0.6709371612184244,1.0450578961669084,0.6885715815053649,0.6733067208534111,-0.6829877250794657,0.6796608767404918,1.0055554419222121,0.7626855905969856,-0.6089927969749348,0.6944961408844121,0.6640737361549202,0.9601421946257029,-0.6190145828330844,1.0183137956031387,0.68329633765361,0.6575619615450803,-0.6865800915986601,0.6913119078691616,0.9846627265414255,0.7733095722721955,-0.5902419509843749,0.6786955608135835,0.6848108457626716,0.9324557293798701,-0.6112875526768818,1.0326566949988312,0.6693360972463398,0.6569861226875457,-0.6465436374897785,0.6843366888448679,1.0017259583181586,0.7292614983663602,-0.5862432496113276,0.6727584889712779,0.6993803872793627,0.9207703374418932,-0.634285540256251,1.01654704889068,0.706820977702008,0.6517508002197331,-0.6731823112818838,0.698398285361452,0.9702451259213182,0.7638319901639868,-0.6071799384926307,0.7034990741701923,0.6754971844567993,0.9304681941038618,-0.6066842681471563,1.001191945226781,0.6523305462941724,0.6979015501454279,-0.655227304090504,0.6935743739691483,0.9844171169146391,0.747220145579436,-0.5877586424591805,0.7014773579775907,0.6686667410941379,0.9354619160347465,-0.6568418028937991,1.0268285933505803,0.6802659128022035,0.6841981189025977,-0.6259036973886657,0.6875334389828308,0.9642185366855126,0.7463660040124166,-0.602740290144893,0.6910968674127046,0.6909164182516847,0.9294130612069009
Binomial,PE,0.8,Non-technical,-0.4946114514029479,0.9811481573914375,0.61450818801766,0.5505939808151341,-0.5784892041356194,0.6834218074857975,0.9061428539467602,0.6792902449698817,-0.4212331744417884,0.557435300312026,0.6255128277278243,0.8840987388371243,-0.545086709805675,0.9695742438306113,0.6667216248396721,0.56409836840083,-0.5943149748593741,0.6963537812102597,0.9172279327730328,0.6664975297635837,-0.48121042013570736,0.5738723782695102,0.622309377266639,0.917819002012346,-0.47636333136657316,0.9421892398636467,0.5882946423819558,0.5906300485786806,-0.5799961015994889,0.6763811126604741,0.9644449480826297,0.6232032173129677,-0.4704206524793273,0.5664447574961794,0.6438583478573696,0.8947482810995102,-0.4798454247531048,0.9550071836023459,0.5773337703251389,0.5893032473092011,-0.5617007559180162,0.6519231591090819,0.9212623830405842,0.6622086129080804,-0.46006880754773294,0.5791242284891499,0.6132669568678958,0.9134462246853875,-0.5651056746837801,1.0050180591584326,0.6422496158698325,0.5665195642857024,-0.5889565256090671,0.6535262282842574,0.952030506492856,0.6720389990891464,-0.48279012031159313,0.6093724674911165,0.6131362396254282,0.901808479071318,-0.5081547707873229,0.9815442849357601,0.6314964905843894,0.5439812358242295,-0.585876933570152,0.6788281969944147,0.9249110990399798,0.6695249835121789,-0.4738577287525191,0.5835175590427474,0.6333024409221157,0.8901458709452396,-0.529739426161097,1.0024277034565114,0.6221406931891004,0.5609288760676591,-0.5649840629342157,0.6585823466237509,0.9491404219982252,0.6472332480269314,-0.47368536716570087,0.6009365871523241,0.6361710532641578,0.8728581500141331,-0.5138079510857199,0.9623337995373827,0.669680671862317,0.53204668572505,-0.5822332301951602,0.6847046455941287,0.9277607374596278,0.6564437442701712,-0.48174038958269305,0.6017767819317358,0.6358057113361784,0.8815510031068412,-0.5115454357720952,0.9714965258316165,0.6052375208288263,0.5900460242139949,-0.5477098620472389,0.6751503312634003,0.9175065252312614,0.6512342521997597,-0.4711376707492601,0.5998015262697903,0.6196882981239763,0.8953838216726736,-0.5375912970931199,0.9753412034384654,0.626145133099376,0.5900268714511878,-0.5436120066204244,0.6622464968777138,0.911622077254713,0.666247411435674,-0.49125932235722336,0.5922885782547308,0.6419426115997162,0.8959063600923335
Binomial,PE,0.7,Non-technical,-0.2553699350735336,0.8522952462986871,0.45508410353179535,0.46824738865458115,-0.35274420264601525,0.634018193943214,0.7577364031219427,0.5367662631287241,-0.2658439748172201,0.45527393321286747,0.5645612117859333,0.7671328863710222,-0.29302892367357225,0.8487403513792502,0.5001803563323138,0.47135360200609083,-0.3632182331045755,0.6381442195824107,0.7632958056906558,0.5346241516984713,-0.28505116744129794,0.4569585406363158,0.565240592281092,0.7800364300132906,-0.21573601969617212,0.793852353761317,0.43751400322536366,0.5063867599992019,-0.37513872130175946,0.6523989943026677,0.8075410470289343,0.4832299246381403,-0.289877077289929,0.4554634729334804,0.5771875072316862,0.7741001997906514,-0.21765735964429725,0.8232120153603063,0.4388149275885939,0.46871102145029175,-0.32502619264702654,0.6158457981023341,0.7623637110538463,0.5072341859852656,-0.2830719818680567,0.47497920780568464,0.5528821795000861,0.7804665847206459,-0.30374785324456766,0.8830230471198334,0.48977453134162374,0.4554793824298294,-0.36675960828174237,0.6214276255865645,0.7868807209979644,0.5290790374000235,-0.2941513258489333,0.5065449788281887,0.5364439245566666,0.7781709273526153,-0.26179240298745887,0.8570102568413622,0.47126278782189485,0.4524879210437153,-0.35980158862568623,0.6225677934873087,0.7767892955381481,0.5331452870475484,-0.31355146990815924,0.47701179047412806,0.5914459361623527,0.7621671080133952,-0.28713727986611737,0.8642923020127564,0.4948300051691017,0.4572718313619873,-0.34531995927915865,0.619887301482261,0.7915566643255335,0.5069357346779898,-0.3016312738352492,0.4948469581690105,0.5704237492487658,0.7564590727754398,-0.25640597756569417,0.8563380335011297,0.4906602513752628,0.43049712439033894,-0.35321071400584425,0.6371073075591998,0.760710622756619,0.5261343333438172,-0.2990925753097356,0.4954105667730749,0.5672459410286274,0.7573827798686475,-0.2623786284464807,0.8476383272153908,0.46490315853323555,0.4758871888740106,-0.3387926355661503,0.6145329258241204,0.7700563928763263,0.5326906508032289,-0.3036862133163208,0.4820035961550179,0.5531789685074749,0.7927284034382415,-0.2601046924649594,0.8284345303692329,0.49464336638469014,0.469553614341968,-0.3595996313938581,0.6217471008631562,0.7900898211553196,0.5261892577691692,-0.33220881753465975,0.4784628498489402,0.6004972317511198,0.7777782761822744
Binomial,PE,0.6,Non-technical,-0.23683832051686962,0.8619862621546237,0.4434884508368903,0.41135246574752665,-0.25871784322930336,0.6148854140271266,0.6657883490786731,0.5177305022321473,-0.18282630203550126,0.42197339881256035,0.5023522790148012,0.7342847119008384,-0.2768427343602881,0.8605698286268856,0.47367229410836736,0.4313438164693393,-0.28160646006128365,0.6056532712573847,0.6790642448313433,0.5340856903481269,-0.20785928955823849,0.42624781461559397,0.49194386674491114,0.7642137514903861,-0.20904502253272353,0.8159217681094246,0.42925910380511584,0.4444306610897399,-0.3032722828231309,0.619615287699397,0.7325419004362139,0.48325452179700845,-0.2022641440056732,0.4267227353298588,0.5163268555571494,0.7323561447006992,-0.20569996015470657,0.8320514806122152,0.40985818016219777,0.439442480235875,-0.24125122590723005,0.6075389965685434,0.6680509421345032,0.490579572088834,-0.2102990657971595,0.4442330678654749,0.490642841146745,0.7569714988398362,-0.29309149174397187,0.8992772274410918,0.48884790565294,0.3903575264940114,-0.294095015480248,0.6010475850250591,0.7006697240859762,0.5262896674350005,-0.21854463836150045,0.47119354719973283,0.48199078373361554,0.7499127914636972,-0.2601278127189495,0.8767473264106264,0.45925101943628166,0.40414258328219066,-0.27577903009514243,0.5918562425033934,0.6825295565921431,0.5363965747647326,-0.24299758335206834,0.4523012066492739,0.5419264550230488,0.7246714613538845,-0.28327999498902884,0.8889131892706277,0.47337419777404216,0.4124628585410981,-0.27929066233131833,0.5945413550995804,0.7157681001080393,0.5040994850896292,-0.22874158149438975,0.4653008252482228,0.5109499084095506,0.7293533937163269,-0.24940826040487998,0.8722306918879151,0.47786180971962783,0.3802002635117506,-0.27349767079927717,0.604535235330375,0.6821188303821876,0.520582321090932,-0.21277413733277792,0.45970428703824495,0.5086583152589744,0.7230168809028211,-0.24989700078236599,0.8674418670719618,0.45409524639935733,0.4131374818146033,-0.2553568881713856,0.5862094023030708,0.6799686205785352,0.5293306599832966,-0.23460891522536334,0.4450505149847654,0.5062306476162259,0.7649329413256706,-0.2382769306409433,0.8422395307086279,0.46946325276423767,0.4231621722637351,-0.27842344483612746,0.5930511498440997,0.7007841246238968,0.5257768215814572,-0.24876706036570606,0.4361324996337517,0.5462116075625256,0.7482598649711547
Binomial,RS,0.9,Generic,0.3983436143707391,0.5979964027270981,0.5437031784191819,0.4204532227054161,0.5801402367048626,0.5544768303049464,0.4056842277533625,0.5857545286813058,0.550955379246278,0.407991062215406,0.5869049226102087,0.5480877204131328,0.40454006171895546,0.5943377806529693,0.5418257354375371,0.41364971943255846,0.5881646755033245,0.5433720913318904,0.4024535891151192,0.5910074652743048,0.5461188099374483,0.4134068660979521,0.5848128949151137,0.5487106136876784,0.39615044235563873,0.5904940816834573,0.5456049111467456,0.41518080732542745,0.5826470489564763,0.5450258840615751,0.4071051966439175,0.5904009442287484,0.5420430477287688,0.4120355661516701,0.5882665395188553,0.5476286913415536,0.4052711510580697,0.5975051359307245,0.5422442115208496,0.41203670003353193,0.5840910822021899,0.5517818413401289,0.400143017880579,0.5867161966497018,0.549161541488472,0.40800849910149745,0.5851225038556267,0.5557974093267664,0.4107104480026264,0.5855275598587838,0.5424524612431557,0.4145285842733544,0.5848739338660945,0.5517356060867851,0.40099719798432837,0.5920217789211876,0.5483580810455783,0.41002113183361205,0.5810230023255358,0.5582493478886177,,,,,,,,,,,,,,,,,,,,,,,,,,,,,,,,,,,,,,,,,,,,,,,,,,,,,,,,,,,,
Binomial,RS,0.8,Generic,0.43022528382812225,0.5349507630133663,0.48842162636198194,0.4287663342769555,0.5024860434328068,0.5180658732057961,0.43038488224000204,0.5279384418595603,0.4967908321640451,0.4229669879632892,0.5074427556531202,0.5115694660749089,0.42703996523779425,0.5347141839489815,0.49211294364827657,0.42263942892572315,0.5069340287466707,0.5151671442451303,0.4262531230471365,0.5312595176174906,0.49572727058278226,0.4240542543989335,0.5069575161034752,0.513080422817372,0.4284691174474542,0.5277319702411284,0.4922313885258365,0.4260974730769195,0.5038480049667512,0.5136486049960594,0.42956428652988615,0.5294552817499919,0.4929266059509107,0.42720212942268165,0.5051895969818847,0.5134975044775416,0.4280946960226524,0.5348752201814644,0.49248879250757827,0.4267007059225458,0.5055336297768575,0.5139446339772379,0.4345727203984236,0.5225976742075692,0.4930877155417911,0.4272188640069316,0.5048712779653677,0.5153488229957873,0.4313227359618446,0.5292395552122128,0.4913470104692495,0.42280874347308967,0.5078605133453353,0.5206838964460189,0.4267678042421991,0.531058960518588,0.4962744619618173,0.42618864953705743,0.5034565775726677,0.5193012907523729,,,,,,,,,,,,,,,,,,,,,,,,,,,,,,,,,,,,,,,,,,,,,,,,,,,,,,,,,,,,
Binomial,RS,0.7,Generic,0.445430352406242,0.47305986852913046,0.4184272414370866,0.4434113276576362,0.3943816815012456,0.4724723017706775,0.44443555279596797,0.4699510777175377,0.42366922896137194,0.43396490317513303,0.4002448648271779,0.4703959638078289,0.4472491007724004,0.4735936021645492,0.4150683370209518,0.4345831043312533,0.4005569206015876,0.4727909128592651,0.4437167669130877,0.47140161972021954,0.4235976755882439,0.4331864797425126,0.39939184179384796,0.4759298496446773,0.4459580180129975,0.47114729329378857,0.4174744317247611,0.43841592544028046,0.3980693215579752,0.47188351015595403,0.44679581507043553,0.46940357227151264,0.4173801758348963,0.43315182982071715,0.4002125480580591,0.47335101600333207,0.44201345304989803,0.4746965526294947,0.42008520027145696,0.43069520296418207,0.40145212122713364,0.47630424997065585,0.43994474876879097,0.4716614225098997,0.4218024380638776,0.4316756227166976,0.4013975801380032,0.47634023566189765,0.4409492123708581,0.47615611769856747,0.4177168429108379,0.438565972385162,0.39984395016296914,0.4759727527757246,0.4387354937264708,0.47277191925205514,0.42515298265584267,0.43066381357876826,0.40077115384287076,0.47905202195040875,,,,,,,,,,,,,,,,,,,,,,,,,,,,,,,,,,,,,,,,,,,,,,,,,,,,,,,,,,,,
Binomial,RS,0.6,Generic,0.4520876173402075,0.4480741195589413,0.4021688631509588,0.43834706047807176,0.3664861123757261,0.46486896213052115,0.4486337280681639,0.4500115182711097,0.4054908256410819,0.43918830081127624,0.37162554302186257,0.4548550650061226,0.45171485183732135,0.4494921901884013,0.39965347800240053,0.43750468198174614,0.3724788878705796,0.4584800898530637,0.447545546322219,0.4478456322790614,0.4085722056794784,0.43983656459049136,0.37226192828434523,0.45628993569313453,0.45082549235647645,0.4521703421680168,0.3967199384221214,0.4382540991111576,0.37282642530985893,0.45657448385293137,0.45375274701577833,0.44458591847097056,0.3995084879109529,0.4389043837215807,0.37065767961793517,0.45761349925705086,0.4496568891498257,0.45033999860150103,0.4010598505699249,0.43599405961749077,0.37251244958670315,0.4603309978708832,0.4490568445160548,0.4462491025450371,0.404042572660287,0.43817712804414494,0.3704188768143677,0.4621660889087504,0.4501900130807093,0.4506258833233807,0.40004451728290213,0.4393553733782819,0.37323576933092484,0.4613467875629579,0.440353011227905,0.4525896874387266,0.4082661243699892,0.43923051458991896,0.3734029385434576,0.46037774358564454,,,,,,,,,,,,,,,,,,,,,,,,,,,,,,,,,,,,,,,,,,,,,,,,,,,,,,,,,,,,
Binomial,PE,0.9,Generic,-1.1145079100462363,1.6464514599667623,1.2125606855114928,-1.539512536618493,1.237887387711128,2.034578092562566,-1.1056994027098752,1.6140120145457326,1.2393550859293416,-1.5925370984689529,1.2512786336356372,2.06627823340381,-1.1306456596678787,1.6553933989313054,1.2216784983706372,-1.5991494108471407,1.2671073105844621,2.059460957633324,-1.123518450680319,1.6410800827508032,1.226992630943832,-1.5743682064882631,1.253574899608228,2.0473958403526025,-1.1277779261017997,1.642825845636171,1.225478453984949,-1.550582065852572,1.2467139556509865,2.029792718794074,-1.1043031741207816,1.631135370450296,1.2202856498866825,-1.5822746709457445,1.2586286081604023,2.052259368821069,-1.1291620434132117,1.6572100742412237,1.2168217197691829,-1.5684877269215325,1.257824549855786,2.0426963964126843,-1.1089273164183797,1.6287288599923953,1.2234076701821222,-1.5852933385440013,1.2581948489257642,2.0576864639581434,-1.1185502876079558,1.6436567127644002,1.2214490811057945,-1.5948577821194307,1.2599494250264454,2.068846967051103,-1.1235905722353359,1.6486540582298197,1.2220859852695074,-1.581483518551821,1.2493644223591525,2.0615436839332744,,,,,,,,,,,,,,,,,,,,,,,,,,,,,,,,,,,,,,,,,,,,,,,,,,,,,,,,,,,,
Binomial,PE,0.8,Generic,-0.9380253768400018,1.4840587393120883,1.1324049155817097,-1.2810576317640643,1.1290935673056048,1.8068703461252564,-0.9468256613227873,1.4657299702694502,1.1637268208861817,-1.31903080035334,1.1428188777320891,1.8258736060433736,-0.9596149210868962,1.4953235602090957,1.1451262337532946,-1.3338824932515876,1.152225241460892,1.8364143889479925,-0.9572939676862837,1.4863768322600368,1.1520869347227918,-1.3174356322515448,1.1486838624754254,1.8211626535622243,-0.9531341419505305,1.4868609643553456,1.144798361509839,-1.3248284512368114,1.1373021661472067,1.840226080237576,-0.9312752782470641,1.4673673546385337,1.1442295188673792,-1.3068726480304247,1.1469248858946774,1.8137890160434458,-0.9569292112488647,1.4939275144512156,1.1432514580714341,-1.3241809061539096,1.1571394177347198,1.8238351652743754,-0.9289434630716222,1.4656542878306535,1.1417114325495732,-1.3286316689077873,1.151875019968813,1.8327454786175414,-0.951449406458619,1.4851633570993297,1.1476588054245227,-1.314028468441365,1.1509284731368903,1.8237994339166792,-0.9486375394412164,1.4797918354145747,1.1493138222761767,-1.3203336596987052,1.1457948094534285,1.830645064757665,,,,,,,,,,,,,,,,,,,,,,,,,,,,,,,,,,,,,,,,,,,,,,,,,,,,,,,,,,,,
Binomial,PE,0.7,Generic,-0.7158388119935337,1.2834866503554225,1.0110736204395832,-0.9132481723270965,0.9561623013757516,1.4963090339809983,-0.7378796420627938,1.2908351621518943,1.0310877987838167,-0.9395692882903555,0.9685683970069753,1.5074819939298316,-0.7420867039705311,1.303774556061492,1.020310938639003,-0.9397363347701524,0.9806636271901064,1.500623156796593,-0.7414589554281121,1.2961741647458076,1.0300508844470977,-0.9512920161016888,0.9776245698724465,1.513512002165663,-0.7497843216909517,1.3148579914729719,1.0156399462642018,-0.9387958562209243,0.9662307110340477,1.5127737624216087,-0.7085569121006058,1.267244486682005,1.0218432179262933,-0.9359604908749635,0.9724730245061036,1.5040804059395707,-0.7690066257221699,1.329420352480254,1.0215972022735795,-0.9457743712773091,0.9818652150387986,1.50804099731919,-0.72589298996447,1.2821676847584693,1.0238804225483287,-0.9441806679611284,0.9810773818308995,1.5071620176272233,-0.7337787825004664,1.294361272417919,1.0226099129243806,-0.9235162105302958,0.9751418967144954,1.4966557110712213,-0.7343326885012859,1.289627722980327,1.0268176010310157,-0.9416590691162273,0.9769047149418562,1.5083068713319734,,,,,,,,,,,,,,,,,,,,,,,,,,,,,,,,,,,,,,,,,,,,,,,,,,,,,,,,,,,,
Binomial,PE,0.6,Generic,-0.645752986155396,1.2027275792617271,0.9924886573284214,-0.7919499236966552,0.9058586017680204,1.3882748032514978,-0.6711884324622512,1.2146674643052804,1.011245618522726,-0.8204958683663186,0.9247857304186602,1.397102111215439,-0.6678853721401298,1.2169417697840452,1.0020334267260194,-0.8253139273355022,0.9380062618748515,1.3937004572249878,-0.6694554413387545,1.2095040707316345,1.0144109460062434,-0.8293964229246167,0.929508498654414,1.4036762727354724,-0.6667681031484957,1.2260653763061689,0.9910431072438785,-0.8114146504105606,0.9201069344751379,1.3962550413679702,-0.64131078257094,1.1895342667911053,1.0016594651244968,-0.8307918222412324,0.9269777500567105,1.4094111529570044,-0.7005670332530483,1.2491980760093238,1.002928817007407,-0.8307559375715023,0.9356341090730229,1.40340947159938,-0.6454320599878692,1.192019802614667,1.0033139958633868,-0.8344879946962803,0.9350294914181291,1.4082576027614648,-0.6559563520454162,1.2056375003769226,1.0036861742263508,-0.8056691883917725,0.9246965103401249,1.3926281454124387,-0.6644134499358688,1.2062041207057927,1.0102225901250719,-0.8214937687935647,0.9277923673919664,1.4029577651207492,,,,,,,,,,,,,,,,,,,,,,,,,,,,,,,,,,,,,,,,,,,,,,,,,,,,,,,,,,,,
Multinomial,RS,0.9,Technical,0.5204665234458515,0.19724746851325248,0.15235021490897416,0.13189262862852774,0.5794456067831621,0.05028056759402746,0.27186783014982396,0.15066938338613842,0.41843299180346516,-0.0360810560039154,0.3679903532141437,0.3450305469927135,0.45826641059081563,0.22284837080430434,0.19783272725454787,0.15372189122250735,0.5301392822038553,0.09932061716044645,0.2982315985355506,0.11704215796411027,0.43795981127882755,0.006050783795370721,0.3484222593343204,0.29484679920144574,0.5376859183232864,0.19441488519011563,0.13830742381611683,0.12286213290837782,0.564745343230231,0.07909870656338308,0.2747173939958346,0.12479913459656916,0.4997213198110367,-0.042882078153681065,0.27293766404004816,0.32879980390444963,0.5354414515631298,0.15243066901925834,0.154229304624313,0.17353843878676073,0.5267342980097264,0.07893128331799809,0.2988119149468178,0.16135520988003793,0.4213615703315724,-0.04071370792483682,0.38666706994903305,0.3364717883219239,0.5347228292654262,0.17691900424506954,0.1524171609770309,0.13840883687767175,0.5667724091480847,0.10497954998948508,0.2645082385081627,0.1174604921280674,0.4312992305073105,-0.05737900660518312,0.3322771588318529,0.38109743273686664,0.5240787729824252,0.17467574376779202,0.1704871499449707,0.12427410837113323,0.5417518547541503,0.08642309295390035,0.2845833310242391,0.1440505402104383,0.43098239775761416,-0.026010301958059867,0.3064335328092319,0.36609930115418177,0.5085914828660275,0.22223013905449807,0.14299529629800373,0.12432625818889065,0.432277922992826,0.1552959879291251,0.3158416700603061,0.1841477615469707,0.41402394302874235,-0.028750706558986625,0.3436085023101354,0.3575785796096558,0.5306884109286976,0.18167009313378488,0.1299596616632342,0.15759107353623775,0.4958998407497451,0.09591808092616398,0.3080697490872786,0.1883277150279975,0.4198613076227298,-0.023441892898809397,0.3390653326087705,0.3565984319294494,0.5608375096317988,0.17301739361410812,0.14407877272005737,0.11791327109307935,0.5470290475645911,0.09740554361393826,0.2721016124634638,0.13430951304207145,0.4520142935515773,-0.051969478346036595,0.3182071244586072,0.3743106792269577,0.5016494185051363,0.2103869484155816,0.15387733875267232,0.1403732759583058,0.5438062459428779,0.11291812645971014,0.28083158869588104,0.11857606405230434,0.4160437528914641,-0.026349169261625078,0.3302018058443573,0.3771222580180071
Multinomial,PE,0.9,Technical,0.7910559122398572,0.033152644956733736,0.8539082327818356,0.4266350418894605,0.10142837762336056,0.6006335434660135,0.7742156496565099,0.8022372013309456,0.5263439516134207,-0.09435434551700041,0.8858568101489428,0.9217137324065583,0.4720844468215099,0.254473634299187,1.0871142166765504,0.3853663842680983,0.1909721994947725,0.6294827150589442,0.7027666412548997,0.7080901556585014,0.39355678970645697,0.09509011745503138,0.9569707263452386,0.8175608152372972,0.8036626882840671,0.030380008419605278,0.8931237058777457,0.36815697244939266,0.0698185405002947,0.6378567436119,0.7949976154798571,0.7567102262252086,0.3502451681983261,0.05148130615949417,0.8870579789225821,0.9647342238054577,0.7929117762062323,-0.06396070820842559,0.7974362813561338,0.6241837524804968,0.00992459739594684,0.6267342547323481,0.8207558999116379,0.8572675173240081,0.26907388135251203,0.07137018241392412,0.9633579270853485,0.9967827446433983,0.9490173026330774,-0.13588653961379493,0.8531880936176008,0.42923609168728205,1.0619279023083712,-0.058843211783505954,0.60927941960423,0.5171538938229356,0.7380249419615685,-0.25188297365335344,1.0636685428144936,0.6669279594737392,0.8767944354524172,0.20843681033424372,0.7006198229721807,0.2308301449236274,0.47390359713792085,0.49715909374932815,0.4458757970247454,0.7963196943947437,0.37007228478998344,0.004044823331951696,0.8734693241909346,0.9926209976286139,0.7218911999025158,0.10144116417008002,0.8847591932538471,0.39833382651038296,-0.3705751377728155,0.881987736253185,1.0185362148382382,0.8732104144078568,0.40392541944132127,0.011928148964589358,0.8718115924726756,0.9495529182996768,0.9206693965898408,-0.10345748482668943,0.8200227161164408,0.45848970028384545,-0.07416076946374596,0.6358484796592172,0.8522907982719725,0.9477451172116583,0.3511554352109656,0.05355011018971642,0.8430566733846234,1.0104021895653883,0.902024051582157,-0.08558686826162948,0.8587632154183178,0.42857737133001705,0.1624817369444159,0.6307309300235471,0.7160495724927398,0.7416205497719437,0.22330075751481487,0.10524525476185784,0.9244212817310146,1.0560674456183405,0.669963361169676,0.1401809694070276,0.8735732406130874,0.4372126831568951,0.19183195877391956,0.5784219819618109,0.6824699664302794,0.8147168499558627,0.4424177665120061,0.0017756784082855585,0.8416012633608951,0.9582421930576438
Multinomial,RS,0.9,Non-technical,0.44588566697094417,0.30060403036108885,0.09238815639646532,0.15331642053880096,0.3686841515245757,0.2640613866073624,0.25935459762879537,0.16694835541615963,0.4057563251783529,0.16899679031717327,0.1852460425068451,0.24835756431414288,0.43324643671596064,0.2959643698093379,0.10481781319895583,0.1708162115662067,0.38199081929553397,0.24996962799418784,0.25613230779865004,0.16844734657481283,0.4134275854412277,0.1472809045658258,0.18498908540616044,0.2616523588651398,0.44312293586899526,0.2825704887623837,0.1041299258038091,0.1755244307069858,0.3774321619042467,0.24010706032642076,0.28537992509319954,0.1477835423008201,0.402510706208815,0.1664960602873505,0.19735188169452447,0.24346483975839686,0.45857212864921176,0.29085795621220856,0.08584356945488049,0.1600084512038402,0.38263959501630784,0.23397420997553947,0.2764232398483003,0.1576793468132937,0.42260808658895843,0.16305266528478785,0.19190036088754944,0.2345026069542806,0.4367797549550538,0.3054428574093451,0.11297309054593975,0.14940574141166582,0.3903150105830883,0.2464121969582161,0.25915279883533027,0.15798690695412704,0.4013954817493813,0.1721482896048992,0.19142857398550517,0.25566087561772116,0.44432478805461556,0.30162789190903155,0.10116429429080055,0.14701058560777658,0.3888003255206485,0.24914770027849778,0.2533494236937899,0.1620784090656264,0.40561141111380516,0.16633187668485594,0.18761687419331627,0.24746601687521894,0.4143399968170268,0.3215214366759282,0.1282607103455161,0.14844451114842527,0.385863388884084,0.2431884261000275,0.2741279080143908,0.14906720590426303,0.39214873497313646,0.18593968137755157,0.1799989938180819,0.25499882402768764,0.4382348437525299,0.3002996818505368,0.11183279389260364,0.15646540591758876,0.37260827855222917,0.24650754300135774,0.2619679297399431,0.17675523719140826,0.38994157332979096,0.17170939284170367,0.1998155695794535,0.25494981037071557,0.4460570278188312,0.29683220301956964,0.09979861819208924,0.15966036774982048,0.3968583633755926,0.23874293504771457,0.2614562480809816,0.15627692215595995,0.4033688096104369,0.16406500077140573,0.18676687223345467,0.25847331608493995,0.43065199533549275,0.30041120934625526,0.11389248584689861,0.16531495535555074,0.39551991352661375,0.22669456057547088,0.26505839755385135,0.16572124418872808,0.40163497617989996,0.16110144254859635,0.19809937305523828,0.25145361268036726
Multinomial,PE,0.9,Non-technical,0.4765123727733752,0.7193522634482437,0.25824435068876245,0.5687488893539698,0.4747531838252244,0.8121295206000289,0.5085703931421142,0.3378903133390771,0.6234687322259762,0.4971894157544662,0.4113932161196004,0.47082487306322574,0.2807319409311155,0.7353180532928381,0.3416399175212122,0.7315496111741427,0.40733456981362187,0.7587042681302717,0.5160373466899513,0.4619229346767332,0.5289182860545281,0.4988038673005314,0.43246326996599005,0.5549441108997384,0.43996227652550557,0.6177366297959413,0.32745649972051794,0.670673529699851,0.2939982358538653,0.8080985709960931,0.6384916364484463,0.4097865092256222,0.5259102688135581,0.5380024059475477,0.441596738317712,0.5101623950733073,0.4328056623778739,0.6580022647895332,0.28545229025687,0.6650124921025534,0.420875558646742,0.6994370137562492,0.574311496107023,0.4314151033139137,0.6029889946749085,0.5278446505890617,0.4251649829981301,0.4603561906875941,0.2778420727044291,0.7840148648377588,0.3835878473416002,0.6347398075086373,0.3154382290754424,0.8001529907618935,0.5914312272651089,0.44952429272619965,0.49729389558276216,0.570723806571487,0.43976613093669464,0.5360939835866777,0.3695246165923929,0.7261465761171281,0.31987934599807283,0.6314632598080594,0.4055497708622439,0.7783345379458954,0.5059921171171076,0.45210723202710107,0.48478854449318065,0.55417962623708,0.4550857255960123,0.5286647525043471,0.22265609921653945,0.8206325319453576,0.42653382276879515,0.6269710849428223,0.3604650885575525,0.7927100511895496,0.5852058421448049,0.4066489361561838,0.5044949325982763,0.5994033561887505,0.3894019235127451,0.5329651996341985,0.35622669879140206,0.71287982624285,0.33205232179830063,0.6699831836589161,0.3955093042032899,0.7623856668028315,0.4989387575838503,0.4928424615125895,0.5077463906650072,0.5533041665033115,0.426169298333177,0.5433264422029609,0.36342615807107465,0.7197430220861293,0.33273784283688534,0.6467736480689061,0.42760540651186746,0.7837778953247003,0.5136348305884424,0.41862648314489365,0.48873207167650073,0.5446598376914664,0.4292242996849317,0.5666502850285673,0.3734398687376336,0.6967524923236205,0.34282347306332284,0.6647828157500306,0.43347473253221624,0.7359984535618158,0.5135846793412738,0.459351208028951,0.4421352950933021,0.5367136039214601,0.49108931515889676,0.5686779235192249
Multinomial,RS,0.9,Generic,0.4652118533746951,0.311793254681315,0.2452379275157147,0.4384003370802596,0.25698890424029075,0.30517373065423314,0.4479967156049343,0.3221684278869978,0.25932969797000005,0.4437889394776698,0.2598726121493656,0.2996205155145117,0.4540490124390611,0.3147602148735612,0.2577401169267608,0.43101594475481547,0.2684085228858162,0.3072652876342273,0.45127633815039436,0.32377778428086984,0.2532243548197086,0.43907262212927944,0.2563619665539533,0.3084662059643637,0.46227693836835426,0.3121647925895343,0.2509971278341319,0.432048788846812,0.2564539523526551,0.31638358533790467,0.4632113663675614,0.3134451474448816,0.24776664692096845,0.43325373313716675,0.27044980660560175,0.30174692705945894,0.44540369031313315,0.32365632600413347,0.2586130154460442,0.4342289580162881,0.26489654018176334,0.30841447333890665,0.46237583905694823,0.3119661420530401,0.25069420628201927,0.4316812805099815,0.2668586594781537,0.3101862644282643,0.45628986262111804,0.3186297330129132,0.2528069326291457,0.43246219627346716,0.2687284330035444,0.3086720662540111,0.4616553525497036,0.31308970981443696,0.2501473987601625,0.4377881886581951,0.2605720083103495,0.30663328382655686,,,,,,,,,,,,,,,,,,,,,,,,,,,,,,,,,,,,,,,,,,,,,,,,,,,,,,,,,,,,
Multinomial,PE,0.9,Generic,-0.3212229492384149,1.2602905990755504,1.253577967586227,0.2236411146562104,0.9621198996099186,0.879607053609754,-0.4374798327557841,1.350817277306551,1.3041919085379923,0.19653579339617372,1.0035921476807514,0.8752865145020085,-0.34525914487464765,1.2672084828617427,1.2776237128805756,0.1252374662460273,1.0434357668962888,0.9202689403425731,-0.3985742999419248,1.3177098004800607,1.2910816416070916,0.1224822543655011,1.01442709692833,0.946024108347068,-0.35659832368818717,1.2883308813145014,1.2724818387361316,0.1227849130787216,1.0176543571391803,0.9451236951270529,-0.2905020533260531,1.245125886064608,1.2360851945180165,0.1331703022629186,1.0309403928012382,0.9206040432762819,-0.3962739398783371,1.330875578693194,1.2692232784650315,0.15646954222923715,1.0321993016157867,0.90114284776143,-0.35517627028195337,1.2816838455305948,1.2753680920792805,0.1468849118493788,1.0266404922451124,0.917257938699581,-0.3941410986107954,1.3049346335162022,1.304720870216376,0.20922107448073007,1.001257251961807,0.875177458568694,-0.3363695644309914,1.2666276524723687,1.2687852272501392,0.1749683353749062,1.0038752155237403,0.9028215746145118,,,,,,,,,,,,,,,,,,,,,,,,,,,,,,,,,,,,,,,,,,,,,,,,,,,,,,,,,,,,
